{
    "Customers": [{
            "Key": "",
            "PairValue": {
                "CustomerStoreId": 1,
                "Customerid": null,
                "CustomerKey": "",
                "CustomerTitle": "",
                "CustomerFirstName": "Dominick",
                "CustomerMiddleName": "",
                "CustomerLastName": "Mastri",
                "CustomerSuffix": "",
                "CustomerGender": "",
                "CustomerBirthDate": "1980-01-01",
                "CustomerSpouseBirthDate": "",
                "CustomerWeddingAnniv": "",
                "CustomerDateEntered": "",
                "CustomerImage": "",
                "CustomerAcquisition": "",
                "CustomerPrefMail": "Home",
                "CustomerPrefPhone": "Cell",
                "CustomerSSNO": "",
                "CustomerNotes": "",
                "CustomerPrefEMail": "Work",
                "CustomerType": "",
                "CustomerIsCompany": false,
                "CustomerCompany": "",
                "CustomerKey1": "",
                "CustomerKey2": "",
                "CustomerKey3": "",
                "CustomerKey4": "",
                "CustomerKey5": "",
                "CustomerKey6": "",
                "CustomerKey7": "",
                "CustomerKey8": "",
                "CustomerUpdateSeq": null,
                "CustomerUpdateDate": null,
                "CustomerUpdateStore": null,
                "CustomerUpdateStation": null,
                "CustomerUpdateUser": null,
                "CustomerXfer": null,
                "CustomerInactive": false,
                "CustomerWholesale": false,
                "CustomerDiscount": null,
                "CustomerMinMarkup": null,
                "CustomerQuickbooks": "",
                "CustomerYnStoreCredit": false,
                "CustomerCreditLimit": null,
                "CustomerTerms": "",
                "CustomerNotes255": "",
                "CustomerNoStatements": false,
                "CustomerTaxExempt": false,
                "CustomerDateVerified": null,
                "CustomerCoupleName": "",
                "CustomerMarried": false,
                "CustomerSpouseKey": "",
                "CustomerInterestRate": null,
                "CustomerSwapped": false,
                "CustomerOldCustKey": "",
                "CustomerAsKey": 0,
                "CustomerReferredBy": "",
                "CustomerLicenseNo": "",
                "CustomerMinPayment": null,
                "CustomerTaxId": "",
                "CustomerAccountKey": "",
                "Addresses": [{
                        "Key": "Home",
                        "PairValue": {
                            "AddressCustKey": "",
                            "AddressType": "Home",
                            "AddressCompany": "",
                            "AddressStreet": "1 Main St",
                            "AddressStreet2": "",
                            "AddressCity": "Shelton",
                            "AddressState": "CT",
                            "AddressZip": "06484",
                            "AddressCountry": "USA",
                            "AddressCustAccountKey": ""
                        }
                    }
                ],
                "Emails": [{
                        "Key": "Work",
                        "PairValue": {
                            "EmailCustKey": "",
                            "EmailType": "Work",
                            "EmailEmail": "Dominick@ajsllc.com",
                            "EmailSendPromo": true,
                            "EmailCustAccountKey": ""
                        }
                    }
                ],
                "Phones": [{
                        "Key": "Cell",
                        "PairValue": {
                            "PhoneCustKey": "",
                            "PhoneType": "Cell",
                            "PhonePhone": "2031234567",
                            "PhoneDoNotContact": false,
                            "PhonePhoneExt": "",
                            "PhoneCustAccountKey": ""
                        }
                    }
                ],
                "CustomerTransfer": {
                    "WebTransferKey": "",
                    "WebTransferEdgeID": "",
                    "WebTransferWebID": "WEB-CUSTOMER-2",
                    "WebTransferLastModified": null,
                    "WebTransferRequiresWebUpload": false,
                    "WebTransferRequiresEdgeAttention": false,
                    "WebTransferType": 0,
                    "WebTransferLinkedWebID": "",
                    "WebTransferVendorID": 0
                }
            }
        }
]}