{
    "Customers": [
      {
        "Key": "001-00001",
        "PairValue": {
          "CustomerStoreId": 1,
          "Customerid": 1,
          "CustomerKey": "001-00001",
          "CustomerTitle": "",
          "CustomerFirstName": "Bill",
          "CustomerMiddleName": "IMPORT TEST 2",
          "CustomerLastName": "Bagwell",
          "CustomerSuffix": "",
          "CustomerGender": "",
          "CustomerBirthDate": "1945-09-15T00:00:00",
          "CustomerSpouseBirthDate": "1947-06-07T00:00:00",
          "CustomerWeddingAnniv": "1993-07-03T00:00:00",
          "CustomerDateEntered": "2019-07-18T08:20:57",
          "CustomerImage": "",
          "CustomerAcquisition": "190718-093958-01-22-248843",
          "CustomerPrefMail": "Home",
          "CustomerPrefPhone": "Home",
          "CustomerSSNO": "",
          "CustomerPrefEMail": "home",
          "CustomerType": "",
          "CustomerIsCompany": false,
          "CustomerCompany": "",
          "CustomerKey1": "",
          "CustomerKey2": "",
          "CustomerKey3": "",
          "CustomerKey4": "",
          "CustomerKey5": "",
          "CustomerKey6": "",
          "CustomerKey7": "",
          "CustomerKey8": "",
          "CustomerUpdateSeq": null,
          "CustomerUpdateDate": null,
          "CustomerUpdateStore": null,
          "CustomerUpdateStation": null,
          "CustomerUpdateUser": null,
          "CustomerXfer": null,
          "CustomerInactive": false,
          "CustomerWholesale": false,
          "CustomerDiscount": null,
          "CustomerMinMarkup": null,
          "CustomerQuickbooks": "",
          "CustomerYnStoreCredit": false,
          "CustomerCreditLimit": null,
          "CustomerTerms": "",
          "CustomerNoStatements": false,
          "CustomerTaxExempt": false,
          "CustomerDateVerified": null,
          "CustomerCoupleName": "Bill And Judy Bagwell",
          "CustomerMarried": false,
          "CustomerSpouseKey": "001-00002",
          "CustomerInterestRate": null,
          "CustomerSwapped": false,
          "CustomerOldCustKey": "",
          "CustomerAsKey": 3,
          "CustomerReferredBy": "",
          "CustomerLicenseNo": "",
          "CustomerMinPayment": null,
          "CustomerTaxId": "",
          "CustomerAccountKey": "001-00001",
          "Addresses": [
            {
              "Key": "Home",
              "PairValue": {
                "AddressCustKey": "001-00001",
                "AddressType": "Home",
                "AddressCompany": "",
                "AddressStreet": "2121 Wallingford St",
                "AddressStreet2": "",
                "AddressCity": "Shelton",
                "AddressState": "CT",
                "AddressZip": "06484",
                "AddressCountry": "USA",
                "AddressCustAccountKey": "001-00001"
              }
            }
          ],
          "Emails": [
            {
              "Key": "home",
              "PairValue": {
                "EmailCustKey": "001-00001",
                "EmailType": "home",
                "EmailEmail": "billbag@email.com",
                "EmailSendPromo": true,
                "EmailCustAccountKey": "001-00001"
              }
            }
          ],
          "Phones": [
            {
              "Key": "Home",
              "PairValue": {
                "PhoneCustKey": "001-00001",
                "PhoneType": "Home",
                "PhonePhone": "2035552326",
                "PhoneDoNotContact": false,
                "PhonePhoneExt": "",
                "PhoneCustAccountKey": "001-00001"
              }
            }
          ],
          "CustomerTransfer": {
            "WebTransferKey": "001-00001-1",
            "WebTransferEdgeID": "001-00001",
            "WebTransferWebID": "WEB-CUSTOMER-1",
            "WebTransferLastModified": "2025-04-18T17:29:42",
            "WebTransferRequiresWebUpload": false,
            "WebTransferRequiresEdgeAttention": false,
            "WebTransferType": 1,
            "WebTransferLinkedWebID": "",
            "WebTransferVendorID": 0
          }
        }
      },
      {
        "Key": "001-00002",
        "PairValue": {
          "CustomerStoreId": 1,
          "Customerid": 2,
          "CustomerKey": "001-00002",
          "CustomerTitle": "",
          "CustomerFirstName": "Judy",
          "CustomerMiddleName": "new_middle",
          "CustomerLastName": "Bagwell",
          "CustomerSuffix": "",
          "CustomerGender": "",
          "CustomerBirthDate": "1947-06-07T00:00:00",
          "CustomerSpouseBirthDate": "1945-09-15T00:00:00",
          "CustomerWeddingAnniv": "1993-07-03T00:00:00",
          "CustomerDateEntered": "2019-07-18T08:20:57",
          "CustomerImage": "",
          "CustomerAcquisition": "190718-093958-01-22-248843",
          "CustomerPrefMail": "Home",
          "CustomerPrefPhone": "Home",
          "CustomerSSNO": "",
          "CustomerPrefEMail": "Home",
          "CustomerType": "",
          "CustomerIsCompany": false,
          "CustomerCompany": "",
          "CustomerKey1": "",
          "CustomerKey2": "",
          "CustomerKey3": "",
          "CustomerKey4": "",
          "CustomerKey5": "",
          "CustomerKey6": "",
          "CustomerKey7": "",
          "CustomerKey8": "",
          "CustomerUpdateSeq": null,
          "CustomerUpdateDate": null,
          "CustomerUpdateStore": null,
          "CustomerUpdateStation": null,
          "CustomerUpdateUser": null,
          "CustomerXfer": null,
          "CustomerInactive": false,
          "CustomerWholesale": false,
          "CustomerDiscount": null,
          "CustomerMinMarkup": null,
          "CustomerQuickbooks": "",
          "CustomerYnStoreCredit": false,
          "CustomerCreditLimit": null,
          "CustomerTerms": "",
          "CustomerNoStatements": false,
          "CustomerTaxExempt": false,
          "CustomerDateVerified": null,
          "CustomerCoupleName": "Bill And Judy Bagwell",
          "CustomerMarried": false,
          "CustomerSpouseKey": "001-00001",
          "CustomerInterestRate": null,
          "CustomerSwapped": false,
          "CustomerOldCustKey": "",
          "CustomerAsKey": null,
          "CustomerReferredBy": "",
          "CustomerLicenseNo": "",
          "CustomerMinPayment": null,
          "CustomerTaxId": "",
          "CustomerAccountKey": "001-00001",
          "Addresses": [
            {
              "Key": "Home",
              "PairValue": {
                "AddressCustKey": "001-00002",
                "AddressType": "Home",
                "AddressCompany": "",
                "AddressStreet": "2121 Wallingford St",
                "AddressStreet2": "",
                "AddressCity": "Shelton",
                "AddressState": "CT",
                "AddressZip": "06484",
                "AddressCountry": "USA",
                "AddressCustAccountKey": "001-00001"
              }
            }
          ],
          "Emails": [
            {
              "Key": "Home",
              "PairValue": {
                "EmailCustKey": "001-00002",
                "EmailType": "Home",
                "EmailEmail": "judy@email.com",
                "EmailSendPromo": true,
                "EmailCustAccountKey": "001-00001"
              }
            }
          ],
          "Phones": [
            {
              "Key": "Home",
              "PairValue": {
                "PhoneCustKey": "001-00002",
                "PhoneType": "Home",
                "PhonePhone": "2035552326",
                "PhoneDoNotContact": false,
                "PhonePhoneExt": "",
                "PhoneCustAccountKey": "001-00001"
              }
            }
          ],
          "CustomerTransfer": {
            "WebTransferKey": "001-00002-1",
            "WebTransferEdgeID": "001-00002",
            "WebTransferWebID": "",
            "WebTransferLastModified": "2025-04-18T16:36:11",
            "WebTransferRequiresWebUpload": false,
            "WebTransferRequiresEdgeAttention": false,
            "WebTransferType": 1,
            "WebTransferLinkedWebID": "",
            "WebTransferVendorID": 0
          }
        }
      },
      {
        "Key": "001-00003",
        "PairValue": {
          "CustomerStoreId": 1,
          "Customerid": 3,
          "CustomerKey": "001-00003",
          "CustomerTitle": "",
          "CustomerFirstName": "Phil",
          "CustomerMiddleName": "",
          "CustomerLastName": "Paxston",
          "CustomerSuffix": "",
          "CustomerGender": "M",
          "CustomerBirthDate": "1955-05-23T00:00:00",
          "CustomerSpouseBirthDate": null,
          "CustomerWeddingAnniv": null,
          "CustomerDateEntered": "2019-07-18T08:23:14",
          "CustomerImage": "",
          "CustomerAcquisition": "190718-093923-01-22-248842",
          "CustomerPrefMail": "Work",
          "CustomerPrefPhone": "work",
          "CustomerSSNO": "",
          "CustomerPrefEMail": "Work",
          "CustomerType": "",
          "CustomerIsCompany": false,
          "CustomerCompany": "",
          "CustomerKey1": "",
          "CustomerKey2": "",
          "CustomerKey3": "",
          "CustomerKey4": "",
          "CustomerKey5": "",
          "CustomerKey6": "",
          "CustomerKey7": "",
          "CustomerKey8": "",
          "CustomerUpdateSeq": null,
          "CustomerUpdateDate": null,
          "CustomerUpdateStore": null,
          "CustomerUpdateStation": null,
          "CustomerUpdateUser": null,
          "CustomerXfer": null,
          "CustomerInactive": false,
          "CustomerWholesale": false,
          "CustomerDiscount": null,
          "CustomerMinMarkup": null,
          "CustomerQuickbooks": "",
          "CustomerYnStoreCredit": false,
          "CustomerCreditLimit": null,
          "CustomerTerms": "",
          "CustomerNoStatements": false,
          "CustomerTaxExempt": false,
          "CustomerDateVerified": null,
          "CustomerCoupleName": "",
          "CustomerMarried": false,
          "CustomerSpouseKey": "",
          "CustomerInterestRate": null,
          "CustomerSwapped": false,
          "CustomerOldCustKey": "",
          "CustomerAsKey": null,
          "CustomerReferredBy": "",
          "CustomerLicenseNo": "",
          "CustomerMinPayment": null,
          "CustomerTaxId": "",
          "CustomerAccountKey": "001-00003",
          "Addresses": [
            {
              "Key": "Work",
              "PairValue": {
                "AddressCustKey": "001-00003",
                "AddressType": "Work",
                "AddressCompany": "",
                "AddressStreet": "21 North Main St",
                "AddressStreet2": "",
                "AddressCity": "Shelton",
                "AddressState": "CT",
                "AddressZip": "06484",
                "AddressCountry": "USA",
                "AddressCustAccountKey": "001-00003"
              }
            }
          ],
          "Emails": [
            {
              "Key": "Work",
              "PairValue": {
                "EmailCustKey": "001-00003",
                "EmailType": "Work",
                "EmailEmail": "phil@work.com",
                "EmailSendPromo": true,
                "EmailCustAccountKey": "001-00003"
              }
            }
          ],
          "Phones": [
            {
              "Key": "work",
              "PairValue": {
                "PhoneCustKey": "001-00003",
                "PhoneType": "work",
                "PhonePhone": "2035558899",
                "PhoneDoNotContact": false,
                "PhonePhoneExt": "12",
                "PhoneCustAccountKey": "001-00003"
              }
            }
          ],
          "CustomerTransfer": {
            "WebTransferKey": "001-00003-1",
            "WebTransferEdgeID": "001-00003",
            "WebTransferWebID": "",
            "WebTransferLastModified": "2025-04-18T16:23:39",
            "WebTransferRequiresWebUpload": false,
            "WebTransferRequiresEdgeAttention": false,
            "WebTransferType": 1,
            "WebTransferLinkedWebID": "",
            "WebTransferVendorID": 0
          }
        }
      },
      {
        "Key": "001-00004",
        "PairValue": {
          "CustomerStoreId": 1,
          "Customerid": 4,
          "CustomerKey": "001-00004",
          "CustomerTitle": "",
          "CustomerFirstName": "John",
          "CustomerMiddleName": "",
          "CustomerLastName": "Jeffries",
          "CustomerSuffix": "",
          "CustomerGender": "",
          "CustomerBirthDate": null,
          "CustomerSpouseBirthDate": null,
          "CustomerWeddingAnniv": null,
          "CustomerDateEntered": "2019-07-18T08:25:13",
          "CustomerImage": "",
          "CustomerAcquisition": "",
          "CustomerPrefMail": "Home",
          "CustomerPrefPhone": "Home",
          "CustomerSSNO": "",
          "CustomerPrefEMail": "Home",
          "CustomerType": "",
          "CustomerIsCompany": false,
          "CustomerCompany": "",
          "CustomerKey1": "",
          "CustomerKey2": "",
          "CustomerKey3": "",
          "CustomerKey4": "",
          "CustomerKey5": "",
          "CustomerKey6": "",
          "CustomerKey7": "",
          "CustomerKey8": "",
          "CustomerUpdateSeq": null,
          "CustomerUpdateDate": null,
          "CustomerUpdateStore": null,
          "CustomerUpdateStation": null,
          "CustomerUpdateUser": null,
          "CustomerXfer": null,
          "CustomerInactive": false,
          "CustomerWholesale": false,
          "CustomerDiscount": null,
          "CustomerMinMarkup": null,
          "CustomerQuickbooks": "",
          "CustomerYnStoreCredit": false,
          "CustomerCreditLimit": null,
          "CustomerTerms": "",
          "CustomerNoStatements": false,
          "CustomerTaxExempt": false,
          "CustomerDateVerified": null,
          "CustomerCoupleName": "",
          "CustomerMarried": false,
          "CustomerSpouseKey": "",
          "CustomerInterestRate": null,
          "CustomerSwapped": false,
          "CustomerOldCustKey": "",
          "CustomerAsKey": null,
          "CustomerReferredBy": "",
          "CustomerLicenseNo": "",
          "CustomerMinPayment": null,
          "CustomerTaxId": "",
          "CustomerAccountKey": "001-00004",
          "Addresses": [
            {
              "Key": "Home",
              "PairValue": {
                "AddressCustKey": "001-00004",
                "AddressType": "Home",
                "AddressCompany": "",
                "AddressStreet": "15 Quiet St",
                "AddressStreet2": "",
                "AddressCity": "Shelton",
                "AddressState": "CT",
                "AddressZip": "06484",
                "AddressCountry": "USA",
                "AddressCustAccountKey": "001-00004"
              }
            }
          ],
          "Emails": [
            {
              "Key": "Home",
              "PairValue": {
                "EmailCustKey": "001-00004",
                "EmailType": "Home",
                "EmailEmail": "John@Jeffries.com",
                "EmailSendPromo": true,
                "EmailCustAccountKey": "001-00004"
              }
            }
          ],
          "Phones": [
            {
              "Key": "Home",
              "PairValue": {
                "PhoneCustKey": "001-00004",
                "PhoneType": "Home",
                "PhonePhone": "5555555555",
                "PhoneDoNotContact": false,
                "PhonePhoneExt": "",
                "PhoneCustAccountKey": "001-00004"
              }
            }
          ],
          "CustomerTransfer": {
            "WebTransferKey": "001-00004-1",
            "WebTransferEdgeID": "001-00004",
            "WebTransferWebID": "",
            "WebTransferLastModified": "2025-04-18T16:23:39",
            "WebTransferRequiresWebUpload": false,
            "WebTransferRequiresEdgeAttention": false,
            "WebTransferType": 1,
            "WebTransferLinkedWebID": "",
            "WebTransferVendorID": 0
          }
        }
      },
      {
        "Key": "001-00005",
        "PairValue": {
          "CustomerStoreId": 1,
          "Customerid": 5,
          "CustomerKey": "001-00005",
          "CustomerTitle": "",
          "CustomerFirstName": "Peter",
          "CustomerMiddleName": "",
          "CustomerLastName": "Worthington",
          "CustomerSuffix": "",
          "CustomerGender": "M",
          "CustomerBirthDate": null,
          "CustomerSpouseBirthDate": null,
          "CustomerWeddingAnniv": "2005-04-15T00:00:00",
          "CustomerDateEntered": "2019-07-18T08:26:57",
          "CustomerImage": "",
          "CustomerAcquisition": "190718-093958-01-22-248843",
          "CustomerPrefMail": "Home",
          "CustomerPrefPhone": "Home",
          "CustomerSSNO": "",
          "CustomerPrefEMail": "Home",
          "CustomerType": "",
          "CustomerIsCompany": false,
          "CustomerCompany": "",
          "CustomerKey1": "",
          "CustomerKey2": "",
          "CustomerKey3": "",
          "CustomerKey4": "",
          "CustomerKey5": "",
          "CustomerKey6": "",
          "CustomerKey7": "",
          "CustomerKey8": "",
          "CustomerUpdateSeq": null,
          "CustomerUpdateDate": null,
          "CustomerUpdateStore": null,
          "CustomerUpdateStation": null,
          "CustomerUpdateUser": null,
          "CustomerXfer": null,
          "CustomerInactive": false,
          "CustomerWholesale": false,
          "CustomerDiscount": null,
          "CustomerMinMarkup": null,
          "CustomerQuickbooks": "",
          "CustomerYnStoreCredit": false,
          "CustomerCreditLimit": null,
          "CustomerTerms": "",
          "CustomerNoStatements": false,
          "CustomerTaxExempt": false,
          "CustomerDateVerified": null,
          "CustomerCoupleName": "Paula And Peter Worthington",
          "CustomerMarried": false,
          "CustomerSpouseKey": "001-00006",
          "CustomerInterestRate": null,
          "CustomerSwapped": false,
          "CustomerOldCustKey": "",
          "CustomerAsKey": 2,
          "CustomerReferredBy": "",
          "CustomerLicenseNo": "",
          "CustomerMinPayment": null,
          "CustomerTaxId": "",
          "CustomerAccountKey": "001-00005",
          "Addresses": [
            {
              "Key": "Home",
              "PairValue": {
                "AddressCustKey": "001-00005",
                "AddressType": "Home",
                "AddressCompany": "",
                "AddressStreet": "25 Orchard St",
                "AddressStreet2": "",
                "AddressCity": "Shelton",
                "AddressState": "CT",
                "AddressZip": "06484",
                "AddressCountry": "USA",
                "AddressCustAccountKey": "001-00005"
              }
            }
          ],
          "Emails": [
            {
              "Key": "Home",
              "PairValue": {
                "EmailCustKey": "001-00005",
                "EmailType": "Home",
                "EmailEmail": "PeteP@ourhouse.com",
                "EmailSendPromo": true,
                "EmailCustAccountKey": "001-00005"
              }
            }
          ],
          "Phones": [
            {
              "Key": "Home",
              "PairValue": {
                "PhoneCustKey": "001-00005",
                "PhoneType": "Home",
                "PhonePhone": "2035556556",
                "PhoneDoNotContact": false,
                "PhonePhoneExt": "",
                "PhoneCustAccountKey": "001-00005"
              }
            }
          ],
          "CustomerTransfer": {
            "WebTransferKey": "001-00005-1",
            "WebTransferEdgeID": "001-00005",
            "WebTransferWebID": "",
            "WebTransferLastModified": "2025-04-18T16:23:39",
            "WebTransferRequiresWebUpload": false,
            "WebTransferRequiresEdgeAttention": false,
            "WebTransferType": 1,
            "WebTransferLinkedWebID": "",
            "WebTransferVendorID": 0
          }
        }
      },
      {
        "Key": "001-00008",
        "PairValue": {
          "CustomerStoreId": 1,
          "Customerid": 8,
          "CustomerKey": "001-00008",
          "CustomerTitle": "",
          "CustomerFirstName": "Gill",
          "CustomerMiddleName": "",
          "CustomerLastName": "Sear",
          "CustomerSuffix": "",
          "CustomerGender": "",
          "CustomerBirthDate": "1978-08-20T00:00:00",
          "CustomerSpouseBirthDate": null,
          "CustomerWeddingAnniv": null,
          "CustomerDateEntered": "2019-07-18T08:30:20",
          "CustomerImage": "",
          "CustomerAcquisition": "190718-093923-01-22-248842",
          "CustomerPrefMail": "Home",
          "CustomerPrefPhone": "Home",
          "CustomerSSNO": "",
          "CustomerPrefEMail": "Home",
          "CustomerType": "",
          "CustomerIsCompany": false,
          "CustomerCompany": "",
          "CustomerKey1": "",
          "CustomerKey2": "",
          "CustomerKey3": "",
          "CustomerKey4": "",
          "CustomerKey5": "",
          "CustomerKey6": "",
          "CustomerKey7": "",
          "CustomerKey8": "",
          "CustomerUpdateSeq": null,
          "CustomerUpdateDate": null,
          "CustomerUpdateStore": null,
          "CustomerUpdateStation": null,
          "CustomerUpdateUser": null,
          "CustomerXfer": null,
          "CustomerInactive": false,
          "CustomerWholesale": false,
          "CustomerDiscount": null,
          "CustomerMinMarkup": null,
          "CustomerQuickbooks": "",
          "CustomerYnStoreCredit": false,
          "CustomerCreditLimit": null,
          "CustomerTerms": "",
          "CustomerNoStatements": false,
          "CustomerTaxExempt": false,
          "CustomerDateVerified": null,
          "CustomerCoupleName": "",
          "CustomerMarried": false,
          "CustomerSpouseKey": "001-00009",
          "CustomerInterestRate": null,
          "CustomerSwapped": false,
          "CustomerOldCustKey": "",
          "CustomerAsKey": 3,
          "CustomerReferredBy": "",
          "CustomerLicenseNo": "",
          "CustomerMinPayment": null,
          "CustomerTaxId": "",
          "CustomerAccountKey": "001-00008",
          "Addresses": [
            {
              "Key": "Home",
              "PairValue": {
                "AddressCustKey": "001-00008",
                "AddressType": "Home",
                "AddressCompany": "",
                "AddressStreet": "98 Simple St",
                "AddressStreet2": "",
                "AddressCity": "Shelton",
                "AddressState": "CT",
                "AddressZip": "06484",
                "AddressCountry": "USA",
                "AddressCustAccountKey": "001-00008"
              }
            }
          ],
          "Emails": [
            {
              "Key": "Home",
              "PairValue": {
                "EmailCustKey": "001-00008",
                "EmailType": "Home",
                "EmailEmail": "jill.sear@homefries.net",
                "EmailSendPromo": true,
                "EmailCustAccountKey": "001-00008"
              }
            }
          ],
          "Phones": [
            {
              "Key": "Home",
              "PairValue": {
                "PhoneCustKey": "001-00008",
                "PhoneType": "Home",
                "PhonePhone": "2035555985",
                "PhoneDoNotContact": false,
                "PhonePhoneExt": "",
                "PhoneCustAccountKey": "001-00008"
              }
            }
          ],
          "CustomerTransfer": {
            "WebTransferKey": "001-00008-1",
            "WebTransferEdgeID": "001-00008",
            "WebTransferWebID": "",
            "WebTransferLastModified": "2025-04-18T16:23:39",
            "WebTransferRequiresWebUpload": false,
            "WebTransferRequiresEdgeAttention": false,
            "WebTransferType": 1,
            "WebTransferLinkedWebID": "",
            "WebTransferVendorID": 0
          }
        }
      },
      {
        "Key": "001-00010",
        "PairValue": {
          "CustomerStoreId": 1,
          "Customerid": 10,
          "CustomerKey": "001-00010",
          "CustomerTitle": "",
          "CustomerFirstName": "Julie",
          "CustomerMiddleName": "",
          "CustomerLastName": "Stephens",
          "CustomerSuffix": "",
          "CustomerGender": "",
          "CustomerBirthDate": "1995-09-05T00:00:00",
          "CustomerSpouseBirthDate": null,
          "CustomerWeddingAnniv": null,
          "CustomerDateEntered": "2019-07-18T08:31:59",
          "CustomerImage": "",
          "CustomerAcquisition": "190718-093923-01-22-248842",
          "CustomerPrefMail": "Home",
          "CustomerPrefPhone": "",
          "CustomerSSNO": "",
          "CustomerPrefEMail": "Home",
          "CustomerType": "",
          "CustomerIsCompany": false,
          "CustomerCompany": "",
          "CustomerKey1": "",
          "CustomerKey2": "",
          "CustomerKey3": "",
          "CustomerKey4": "",
          "CustomerKey5": "",
          "CustomerKey6": "",
          "CustomerKey7": "",
          "CustomerKey8": "",
          "CustomerUpdateSeq": null,
          "CustomerUpdateDate": null,
          "CustomerUpdateStore": null,
          "CustomerUpdateStation": null,
          "CustomerUpdateUser": null,
          "CustomerXfer": null,
          "CustomerInactive": false,
          "CustomerWholesale": false,
          "CustomerDiscount": null,
          "CustomerMinMarkup": null,
          "CustomerQuickbooks": "",
          "CustomerYnStoreCredit": false,
          "CustomerCreditLimit": null,
          "CustomerTerms": "",
          "CustomerNoStatements": false,
          "CustomerTaxExempt": false,
          "CustomerDateVerified": null,
          "CustomerCoupleName": "",
          "CustomerMarried": false,
          "CustomerSpouseKey": "",
          "CustomerInterestRate": null,
          "CustomerSwapped": false,
          "CustomerOldCustKey": "",
          "CustomerAsKey": null,
          "CustomerReferredBy": "",
          "CustomerLicenseNo": "",
          "CustomerMinPayment": null,
          "CustomerTaxId": "",
          "CustomerAccountKey": "001-00010",
          "Addresses": [
            {
              "Key": "Home",
              "PairValue": {
                "AddressCustKey": "001-00010",
                "AddressType": "Home",
                "AddressCompany": "",
                "AddressStreet": "72 Bauer St",
                "AddressStreet2": "",
                "AddressCity": "Shelton",
                "AddressState": "CT",
                "AddressZip": "06484",
                "AddressCountry": "USA",
                "AddressCustAccountKey": "001-00010"
              }
            }
          ],
          "Emails": [
            {
              "Key": "Home",
              "PairValue": {
                "EmailCustKey": "001-00010",
                "EmailType": "Home",
                "EmailEmail": "jewels@emailhere.com",
                "EmailSendPromo": true,
                "EmailCustAccountKey": "001-00010"
              }
            }
          ],
          "Phones": [],
          "CustomerTransfer": {
            "WebTransferKey": "001-00010-1",
            "WebTransferEdgeID": "001-00010",
            "WebTransferWebID": "",
            "WebTransferLastModified": "2025-04-18T16:23:39",
            "WebTransferRequiresWebUpload": false,
            "WebTransferRequiresEdgeAttention": false,
            "WebTransferType": 1,
            "WebTransferLinkedWebID": "",
            "WebTransferVendorID": 0
          }
        }
      },
      {
        "Key": "001-00011",
        "PairValue": {
          "CustomerStoreId": 1,
          "Customerid": 11,
          "CustomerKey": "001-00011",
          "CustomerTitle": "",
          "CustomerFirstName": "Timothy",
          "CustomerMiddleName": "",
          "CustomerLastName": "Jones",
          "CustomerSuffix": "",
          "CustomerGender": "",
          "CustomerBirthDate": "1970-03-01T00:00:00",
          "CustomerSpouseBirthDate": "1968-09-19T00:00:00",
          "CustomerWeddingAnniv": "1804-12-20T00:00:00",
          "CustomerDateEntered": "2022-03-03T11:02:17",
          "CustomerImage": "",
          "CustomerAcquisition": "",
          "CustomerPrefMail": "Home",
          "CustomerPrefPhone": "Cell",
          "CustomerSSNO": "",
          "CustomerPrefEMail": "Work",
          "CustomerType": "",
          "CustomerIsCompany": false,
          "CustomerCompany": "",
          "CustomerKey1": "",
          "CustomerKey2": "",
          "CustomerKey3": "",
          "CustomerKey4": "",
          "CustomerKey5": "",
          "CustomerKey6": "",
          "CustomerKey7": "",
          "CustomerKey8": "",
          "CustomerUpdateSeq": null,
          "CustomerUpdateDate": null,
          "CustomerUpdateStore": null,
          "CustomerUpdateStation": null,
          "CustomerUpdateUser": null,
          "CustomerXfer": null,
          "CustomerInactive": false,
          "CustomerWholesale": false,
          "CustomerDiscount": null,
          "CustomerMinMarkup": null,
          "CustomerQuickbooks": "",
          "CustomerYnStoreCredit": false,
          "CustomerCreditLimit": null,
          "CustomerTerms": "",
          "CustomerNoStatements": false,
          "CustomerTaxExempt": false,
          "CustomerDateVerified": null,
          "CustomerCoupleName": "Timothy And Camille Jones",
          "CustomerMarried": false,
          "CustomerSpouseKey": "001-00012",
          "CustomerInterestRate": null,
          "CustomerSwapped": false,
          "CustomerOldCustKey": "",
          "CustomerAsKey": null,
          "CustomerReferredBy": "",
          "CustomerLicenseNo": "",
          "CustomerMinPayment": null,
          "CustomerTaxId": "",
          "CustomerAccountKey": "001-00011",
          "Addresses": [
            {
              "Key": "Home",
              "PairValue": {
                "AddressCustKey": "001-00011",
                "AddressType": "Home",
                "AddressCompany": "",
                "AddressStreet": "1 Main St",
                "AddressStreet2": "",
                "AddressCity": "Ansonia",
                "AddressState": "CT",
                "AddressZip": "06401",
                "AddressCountry": "USA",
                "AddressCustAccountKey": "001-00011"
              }
            }
          ],
          "Emails": [
            {
              "Key": "Work",
              "PairValue": {
                "EmailCustKey": "001-00011",
                "EmailType": "Work",
                "EmailEmail": "Tim@work.com",
                "EmailSendPromo": true,
                "EmailCustAccountKey": "001-00011"
              }
            }
          ],
          "Phones": [
            {
              "Key": "Cell",
              "PairValue": {
                "PhoneCustKey": "001-00011",
                "PhoneType": "Cell",
                "PhonePhone": "2034506000",
                "PhoneDoNotContact": false,
                "PhonePhoneExt": "",
                "PhoneCustAccountKey": "001-00011"
              }
            },
            {
              "Key": "Home",
              "PairValue": {
                "PhoneCustKey": "001-00011",
                "PhoneType": "Home",
                "PhonePhone": "2034009913",
                "PhoneDoNotContact": false,
                "PhonePhoneExt": "",
                "PhoneCustAccountKey": "001-00011"
              }
            }
          ],
          "CustomerTransfer": {
            "WebTransferKey": "001-00011-1",
            "WebTransferEdgeID": "001-00011",
            "WebTransferWebID": "",
            "WebTransferLastModified": "2025-04-18T16:23:39",
            "WebTransferRequiresWebUpload": false,
            "WebTransferRequiresEdgeAttention": false,
            "WebTransferType": 1,
            "WebTransferLinkedWebID": "",
            "WebTransferVendorID": 0
          }
        }
      },
      {
        "Key": "098-00002",
        "PairValue": {
          "CustomerStoreId": 98,
          "Customerid": 2,
          "CustomerKey": "098-00002",
          "CustomerTitle": "",
          "CustomerFirstName": "Dominick2",
          "CustomerMiddleName": "",
          "CustomerLastName": "Mastri2",
          "CustomerSuffix": "",
          "CustomerGender": "",
          "CustomerBirthDate": "1980-01-01T00:00:00",
          "CustomerSpouseBirthDate": null,
          "CustomerWeddingAnniv": null,
          "CustomerDateEntered": "2025-04-28T10:43:13",
          "CustomerImage": "",
          "CustomerAcquisition": "",
          "CustomerPrefMail": "Home",
          "CustomerPrefPhone": "Cell",
          "CustomerSSNO": "",
          "CustomerPrefEMail": "Work",
          "CustomerType": "",
          "CustomerIsCompany": false,
          "CustomerCompany": "",
          "CustomerKey1": "",
          "CustomerKey2": "",
          "CustomerKey3": "",
          "CustomerKey4": "",
          "CustomerKey5": "",
          "CustomerKey6": "",
          "CustomerKey7": "",
          "CustomerKey8": "",
          "CustomerUpdateSeq": null,
          "CustomerUpdateDate": null,
          "CustomerUpdateStore": null,
          "CustomerUpdateStation": null,
          "CustomerUpdateUser": null,
          "CustomerXfer": null,
          "CustomerInactive": false,
          "CustomerWholesale": false,
          "CustomerDiscount": null,
          "CustomerMinMarkup": null,
          "CustomerQuickbooks": "",
          "CustomerYnStoreCredit": false,
          "CustomerCreditLimit": null,
          "CustomerTerms": "",
          "CustomerNoStatements": false,
          "CustomerTaxExempt": false,
          "CustomerDateVerified": null,
          "CustomerCoupleName": "",
          "CustomerMarried": false,
          "CustomerSpouseKey": "",
          "CustomerInterestRate": null,
          "CustomerSwapped": false,
          "CustomerOldCustKey": "",
          "CustomerAsKey": null,
          "CustomerReferredBy": "",
          "CustomerLicenseNo": "",
          "CustomerMinPayment": null,
          "CustomerTaxId": "",
          "CustomerAccountKey": "098-00002",
          "Addresses": [
            {
              "Key": "Home",
              "PairValue": {
                "AddressCustKey": "098-00002",
                "AddressType": "Home",
                "AddressCompany": "",
                "AddressStreet": "1 Main St",
                "AddressStreet2": "",
                "AddressCity": "Shelton",
                "AddressState": "CT",
                "AddressZip": "06484",
                "AddressCountry": "USA",
                "AddressCustAccountKey": "098-00002"
              }
            }
          ],
          "Emails": [
            {
              "Key": "Work",
              "PairValue": {
                "EmailCustKey": "098-00002",
                "EmailType": "Work",
                "EmailEmail": "Dominick2@ajsllc.com",
                "EmailSendPromo": true,
                "EmailCustAccountKey": "098-00002"
              }
            }
          ],
          "Phones": [
            {
              "Key": "Cell",
              "PairValue": {
                "PhoneCustKey": "098-00002",
                "PhoneType": "Cell",
                "PhonePhone": "2031234567",
                "PhoneDoNotContact": false,
                "PhonePhoneExt": "",
                "PhoneCustAccountKey": "098-00002"
              }
            }
          ],
          "CustomerTransfer": {
            "WebTransferKey": "098-00002-1",
            "WebTransferEdgeID": "098-00002",
            "WebTransferWebID": "WEB-CUSTOMER-3",
            "WebTransferLastModified": "2025-04-28T10:43:13",
            "WebTransferRequiresWebUpload": false,
            "WebTransferRequiresEdgeAttention": false,
            "WebTransferType": 1,
            "WebTransferLinkedWebID": "",
            "WebTransferVendorID": 0
          }
        }
      },
      {
        "Key": "098-00003",
        "PairValue": {
          "CustomerStoreId": 98,
          "Customerid": 3,
          "CustomerKey": "098-00003",
          "CustomerTitle": "",
          "CustomerFirstName": "Chulbul",
          "CustomerMiddleName": "",
          "CustomerLastName": "Pande",
          "CustomerSuffix": "",
          "CustomerGender": "",
          "CustomerBirthDate": "1980-01-01T00:00:00",
          "CustomerSpouseBirthDate": null,
          "CustomerWeddingAnniv": null,
          "CustomerDateEntered": "2025-05-06T16:51:02",
          "CustomerImage": "",
          "CustomerAcquisition": "",
          "CustomerPrefMail": "Home",
          "CustomerPrefPhone": "Cell",
          "CustomerSSNO": "",
          "CustomerPrefEMail": "Work",
          "CustomerType": "",
          "CustomerIsCompany": false,
          "CustomerCompany": "",
          "CustomerKey1": "",
          "CustomerKey2": "",
          "CustomerKey3": "",
          "CustomerKey4": "",
          "CustomerKey5": "",
          "CustomerKey6": "",
          "CustomerKey7": "",
          "CustomerKey8": "",
          "CustomerUpdateSeq": null,
          "CustomerUpdateDate": null,
          "CustomerUpdateStore": null,
          "CustomerUpdateStation": null,
          "CustomerUpdateUser": null,
          "CustomerXfer": null,
          "CustomerInactive": false,
          "CustomerWholesale": false,
          "CustomerDiscount": null,
          "CustomerMinMarkup": null,
          "CustomerQuickbooks": "",
          "CustomerYnStoreCredit": false,
          "CustomerCreditLimit": null,
          "CustomerTerms": "",
          "CustomerNoStatements": false,
          "CustomerTaxExempt": false,
          "CustomerDateVerified": null,
          "CustomerCoupleName": "",
          "CustomerMarried": false,
          "CustomerSpouseKey": "",
          "CustomerInterestRate": null,
          "CustomerSwapped": false,
          "CustomerOldCustKey": "",
          "CustomerAsKey": null,
          "CustomerReferredBy": "",
          "CustomerLicenseNo": "",
          "CustomerMinPayment": null,
          "CustomerTaxId": "",
          "CustomerAccountKey": "098-00003",
          "Addresses": [
            {
              "Key": "Home",
              "PairValue": {
                "AddressCustKey": "098-00003",
                "AddressType": "Home",
                "AddressCompany": "",
                "AddressStreet": "1 Main St",
                "AddressStreet2": "",
                "AddressCity": "Shelton",
                "AddressState": "CT",
                "AddressZip": "06484",
                "AddressCountry": "USA",
                "AddressCustAccountKey": "098-00003"
              }
            }
          ],
          "Emails": [
            {
              "Key": "Work",
              "PairValue": {
                "EmailCustKey": "098-00003",
                "EmailType": "Work",
                "EmailEmail": "Dominick2@ajsllc.com",
                "EmailSendPromo": true,
                "EmailCustAccountKey": "098-00003"
              }
            }
          ],
          "Phones": [
            {
              "Key": "Cell",
              "PairValue": {
                "PhoneCustKey": "098-00003",
                "PhoneType": "Cell",
                "PhonePhone": "2031234567",
                "PhoneDoNotContact": false,
                "PhonePhoneExt": "",
                "PhoneCustAccountKey": "098-00003"
              }
            }
          ],
          "CustomerTransfer": {
            "WebTransferKey": "098-00003-1",
            "WebTransferEdgeID": "098-00003",
            "WebTransferWebID": "WEB-CUSTOMER-5",
            "WebTransferLastModified": "2025-05-06T16:51:04",
            "WebTransferRequiresWebUpload": false,
            "WebTransferRequiresEdgeAttention": false,
            "WebTransferType": 1,
            "WebTransferLinkedWebID": "",
            "WebTransferVendorID": 0
          }
        }
      }
    ],
    "MaxAddresses": 0,
    "MaxEmails": 0,
    "MaxPhones": 0
  }
  